{
  "accuracy": 0.9877955758962624,
  "macro_precision": 0.9876698097927865,
  "macro_recall": 0.9867483660130719,
  "macro_f1": 0.9871455415400927,
  "weighted_precision": 0.9879635198064652,
  "weighted_recall": 0.9877955758962624,
  "weighted_f1": 0.9878198750326066,
  "per_class": {
    "glioma": {
      "precision": 1.0,
      "recall": 0.9766666666666667,
      "f1": 0.9881956155143339,
      "support": 300
    },
    "meningioma": {
      "precision": 0.9647435897435898,
      "recall": 0.9836601307189542,
      "f1": 0.9741100323624595,
      "support": 306
    },
    "notumor": {
      "precision": 0.9926470588235294,
      "recall": 1.0,
      "f1": 0.996309963099631,
      "support": 405
    },
    "pituitary": {
      "precision": 0.9932885906040269,
      "recall": 0.9866666666666667,
      "f1": 0.9899665551839465,
      "support": 300
    }
  }
}