{
  "train_loss": [
    0.7923400341205193,
    0.6858208313794203,
    0.6635747925496437,
    0.6545694642503497,
    0.6420796664667802,
    0.5848134168436829,
    0.5357105370978235,
    0.5048882738805153,
    0.4840673653172775,
    0.46670341428736567,
    0.4585800036578111,
    0.43911636589278635,
    0.43418952927622995,
    0.43265623630772176,
    0.4180778061420145,
    0.41686152110637076,
    0.41142651690563686,
    0.406685031425785
  ],
  "val_loss": [
    0.6498680544066262,
    0.6052255309545077,
    0.5724017532555373,
    0.5925459140664214,
    0.5832308501630397,
    0.48790975634034695,
    0.46564102422940984,
    0.44361081365105154,
    0.4315615942428162,
    0.4203189711470704,
    0.40958034700447027,
    0.4008415795706369,
    0.3930017650127411,
    0.3947069373997775,
    0.3904934033647284,
    0.38899977807398445,
    0.3856659812943919,
    0.3829212113693877
  ],
  "train_acc": [
    0.7825704225352113,
    0.8360475352112676,
    0.8501320422535211,
    0.8505721830985915,
    0.860475352112676,
    0.8959066901408451,
    0.9190140845070423,
    0.9335387323943662,
    0.9463028169014085,
    0.9579665492957746,
    0.9597271126760564,
    0.9724911971830986,
    0.9707306338028169,
    0.9702904929577465,
    0.9790933098591549,
    0.9795334507042254,
    0.9806338028169014,
    0.9834947183098591
  ],
  "val_acc": [
    0.8627622377622378,
    0.8942307692307693,
    0.8994755244755245,
    0.8977272727272727,
    0.9038461538461539,
    0.9431818181818182,
    0.9519230769230769,
    0.9702797202797203,
    0.9729020979020979,
    0.9790209790209791,
    0.9833916083916084,
    0.9877622377622378,
    0.9903846153846154,
    0.9851398601398601,
    0.9895104895104895,
    0.9886363636363636,
    0.9903846153846154,
    0.9903846153846154
  ]
}